System,Pass@1,CI_low,CI_high
Single-Agent,0.4024390243902439,0.32926829268292684,0.47560975609756095
2-Agent Pipeline,0.18292682926829268,0.12804878048780488,0.24390243902439024
3-Agent Pipeline,0.2073170731707317,0.14634146341463414,0.2682926829268293
