System,Pass@1,CI_low,CI_high
Single-Agent,0.7317073170731707,0.6646341463414634,0.7987804878048781
2-Agent Pipeline,0.3902439024390244,0.3170731707317073,0.4634146341463415
3-Agent Pipeline,0.4268292682926829,0.3475609756097561,0.5
