System,Pass@1,CI_low,CI_high
Single-Agent,0.8292682926829268,0.7682926829268293,0.8841463414634146
2-Agent Pipeline,0.4146341463414634,0.34146341463414637,0.49390243902439024
3-Agent Pipeline,0.524390243902439,0.45121951219512196,0.5975609756097561
